<?xml version="1.0" encoding="utf-8"?>
<ApplicationInstallerManifest>
   <DefaultInstallationDirectory>/Applications/CFS_Crafter/</DefaultInstallationDirectory>
   <ApplicationName>CFS_Crafter</ApplicationName>
   <ExecutableName>application/CFS_Crafter.exe</ExecutableName>
   <GUID>b8d4e66c-76dc-4b52-9005-8d067d1dcdc5</GUID>
   <ApplicationIcon>default_icon_48.png</ApplicationIcon>
   <Logo>default_logo.png</Logo>
   <Version>1.0</Version>
   <InstallationNotes>In the following directions, replace MR/v910 by the directory on the target machine where MATLAB is installed, or MR by the directory where the MATLAB Runtime is installed.

If the environment variable DYLD_LIBRARY_PATH is undefined, set it to the following string:

MR/v910/runtime/maci64:MR/v910/sys/os/maci64:MR/v910/bin/maci64

If it is defined, set it to the following:

${DYLD_LIBRARY_PATH}:MR/v910/runtime/maci64:MR/v910/sys/os/maci64:MR/v910/bin/maci64
</InstallationNotes>
   <WelcomePanelText>CFS_Crafter 1.0
Guandong Wang</WelcomePanelText>
   <MCRProducts>
      <MCRProduct>
         <ExternalProductIdentifier>35000</ExternalProductIdentifier>
      </MCRProduct>
      <MCRProduct>
         <ExternalProductIdentifier>35010</ExternalProductIdentifier>
      </MCRProduct>
      <MCRProduct>
         <ExternalProductIdentifier>35117</ExternalProductIdentifier>
      </MCRProduct>
      <MCRProduct>
         <ExternalProductIdentifier>35180</ExternalProductIdentifier>
      </MCRProduct>
   </MCRProducts>
</ApplicationInstallerManifest>