{"comparisons":{"comparisonSignalColors":{"baselineColor":"#0072bd","compareToColor":"#d95319","differenceColor":"#fe330a","toleranceColor":"#80D980 "},"comparisonsAlignment":{"comparisonsAlignment":[2,1,3,4]},"plotPref":{"AutoTimespan":false,"GridDisplay":"on","Markers":false,"axesBorderDisplay":true,"axesColor":"#000000","backgroundColor":"#FAFAFA","gridColor":"#D0D2D3","layoutType":"grid","legendPref":"top","numPlotCols":1,"numPlotRows":1,"plotAreaColor":"#FFFFFF","replayControls":false,"selected":1,"shadeArea":"none","shadeColor":"#CCE8FF","shadeOpacity":0.7,"shadeType":"emphasize","tickLabelsDisplayed":"all","ticksPosition":"outside","unitSystemPrefs":{"unitSystem":"Default"},"updateMode":"wrap"},"propertiesTable":{"BrowseMode":false,"columns":[],"subVersionNumber":0,"tableHeight":-1,"tableWidth":-1,"versionNumber":0},"runsTable":{"BrowseMode":false,"columns":[{"colField":"status","colID":0,"orderID":4,"sortDirection":3,"widthPercent":28},{"colField":"name","colID":1,"orderID":0,"sortDirection":0,"widthPercent":27},{"colField":"abs","colID":2,"orderID":1,"sortDirection":0,"widthPercent":15},{"colField":"rel","colID":3,"orderID":2,"sortDirection":0,"widthPercent":15},{"colField":"maxdiff","colID":4,"orderID":3,"sortDirection":0,"widthPercent":15},{"colField":"overrideGlobalTol","colID":5,"orderID":-1,"sortDirection":0,"widthPercent":12},{"colField":"timeTol","colID":6,"orderID":-1,"sortDirection":0,"widthPercent":12},{"colField":"Baseline_color","colID":7,"orderID":-1,"sortDirection":3,"widthPercent":0},{"colField":"Compared_color","colID":8,"orderID":-1,"sortDirection":3,"widthPercent":0},{"colField":"Compared_name","colID":9,"orderID":-1,"sortDirection":0,"widthPercent":0},{"colField":"Baseline_units","colID":10,"orderID":-1,"sortDirection":0,"widthPercent":0},{"colField":"Compared_units","colID":11,"orderID":-1,"sortDirection":0,"widthPercent":0},{"colField":"Baseline_dataType","colID":12,"orderID":-1,"sortDirection":0,"widthPercent":0},{"colField":"Compared_dataType","colID":13,"orderID":-1,"sortDirection":0,"widthPercent":0},{"colField":"Baseline_sampleTime","colID":14,"orderID":-1,"sortDirection":0,"widthPercent":0},{"colField":"Compared_sampleTime","colID":15,"orderID":-1,"sortDirection":0,"widthPercent":0},{"colField":"Baseline_run_name","colID":16,"orderID":-1,"sortDirection":0,"widthPercent":0},{"colField":"Compared_run_name","colID":17,"orderID":-1,"sortDirection":0,"widthPercent":0},{"colField":"alignedBy","colID":18,"orderID":-1,"sortDirection":0,"widthPercent":0},{"colField":"Baseline_model_source","colID":19,"orderID":-1,"sortDirection":0,"widthPercent":0},{"colField":"Compared_model_source","colID":20,"orderID":-1,"sortDirection":0,"widthPercent":0},{"colField":"Baseline_block_name","colID":21,"orderID":-1,"sortDirection":0,"widthPercent":0},{"colField":"Compared_block_name","colID":22,"orderID":-1,"sortDirection":0,"widthPercent":0},{"colField":"Baseline_block_source","colID":23,"orderID":-1,"sortDirection":0,"widthPercent":0},{"colField":"Compared_block_source","colID":24,"orderID":-1,"sortDirection":0,"widthPercent":0},{"colField":"Baseline_port","colID":25,"orderID":-1,"sortDirection":0,"widthPercent":0},{"colField":"Compared_port","colID":26,"orderID":-1,"sortDirection":0,"widthPercent":0},{"colField":"Baseline_dimension","colID":27,"orderID":-1,"sortDirection":0,"widthPercent":0},{"colField":"Compared_dimension","colID":28,"orderID":-1,"sortDirection":0,"widthPercent":0},{"colField":"Baseline_channel","colID":29,"orderID":-1,"sortDirection":0,"widthPercent":0},{"colField":"Compared_channel","colID":30,"orderID":-1,"sortDirection":0,"widthPercent":0},{"colField":"interp","colID":31,"orderID":-1,"sortDirection":0,"widthPercent":0},{"colField":"sync","colID":32,"orderID":-1,"sortDirection":0,"widthPercent":0},{"colField":"Baseline_root_source","colID":33,"orderID":-1,"sortDirection":0,"widthPercent":0},{"colField":"Compared_root_source","colID":34,"orderID":-1,"sortDirection":0,"widthPercent":0},{"colField":"Baseline_time_source","colID":35,"orderID":-1,"sortDirection":0,"widthPercent":0},{"colField":"Compared_time_source","colID":36,"orderID":-1,"sortDirection":0,"widthPercent":0},{"colField":"Baseline_data_source","colID":37,"orderID":-1,"sortDirection":0,"widthPercent":0},{"colField":"Compared_data_source","colID":38,"orderID":-1,"sortDirection":0,"widthPercent":0},{"colField":"Description","colID":39,"orderID":-1,"sortDirection":0,"widthPercent":0}],"search":[],"subVersionNumber":0,"tableHeight":-1,"tableWidth":-1,"versionNumber":0}},"runs":{"groupingCriteria":{"groupingCriteria":[]},"plotPref":{"AutoTimespan":false,"GridDisplay":"on","Markers":false,"axesBorderDisplay":true,"axesColor":"#000000","backgroundColor":"#FAFAFA","gridColor":"#D0D2D3","layoutType":"grid","legendPref":"top","numPlotCols":1,"numPlotRows":1,"plotAreaColor":"#FFFFFF","replayControls":false,"selected":1,"shadeArea":"none","shadeColor":"#CCE8FF","shadeOpacity":0.7,"shadeType":"emphasize","tickLabelsDisplayed":"all","ticksPosition":"outside","unitSystemPrefs":{"unitSystem":"Default"},"updateMode":"wrap"},"propertiesTable":{"BrowseMode":false,"columns":[],"subVersionNumber":0,"tableHeight":-1,"tableWidth":-1,"versionNumber":0},"recentlyUsedFiles":{"recentlyExportedFiles":[],"recentlyImportedFiles":[]},"run":{"archiveRunLimit":-1,"autoArchive":true,"gettingStartedEnable":true,"pctSupportMode":"manual","runNameTemplate":"Run <run_index>: <model_name>","showRunAtTop":false,"useSystemBrowser":false},"runsTable":{"BrowseMode":false,"columns":[{"colField":"checked","colID":0,"orderID":0,"sortDirection":3,"widthPercent":1},{"colField":"name","colID":1,"orderID":1,"sortDirection":0,"widthPercent":65},{"colField":"color","colID":2,"orderID":2,"sortDirection":3,"widthPercent":30},{"colField":"units","colID":3,"orderID":-1,"sortDirection":0,"widthPercent":0},{"colField":"dataType","colID":4,"orderID":-1,"sortDirection":0,"widthPercent":0},{"colField":"complexity","colID":5,"orderID":-1,"sortDirection":0,"widthPercent":0},{"colField":"complexFormat","colID":6,"orderID":-1,"sortDirection":0,"widthPercent":0},{"colField":"sampleTime","colID":7,"orderID":-1,"sortDirection":0,"widthPercent":0},{"colField":"model_source","colID":8,"orderID":-1,"sortDirection":0,"widthPercent":0},{"colField":"block_name","colID":9,"orderID":-1,"sortDirection":0,"widthPercent":0},{"colField":"block_source","colID":10,"orderID":-1,"sortDirection":0,"widthPercent":0},{"colField":"port","colID":11,"orderID":-1,"sortDirection":0,"widthPercent":0},{"colField":"dimension","colID":12,"orderID":-1,"sortDirection":0,"widthPercent":0},{"colField":"channel","colID":13,"orderID":-1,"sortDirection":0,"widthPercent":0},{"colField":"run_name","colID":14,"orderID":-1,"sortDirection":0,"widthPercent":0},{"colField":"abs","colID":15,"orderID":-1,"sortDirection":0,"widthPercent":0},{"colField":"rel","colID":16,"orderID":-1,"sortDirection":0,"widthPercent":0},{"colField":"overrideGlobalTol","colID":17,"orderID":-1,"sortDirection":0,"widthPercent":0},{"colField":"timeTol","colID":18,"orderID":-1,"sortDirection":0,"widthPercent":0},{"colField":"interp","colID":19,"orderID":-1,"sortDirection":0,"widthPercent":0},{"colField":"sync","colID":20,"orderID":-1,"sortDirection":0,"widthPercent":0},{"colField":"root_source","colID":21,"orderID":-1,"sortDirection":0,"widthPercent":0},{"colField":"time_source","colID":22,"orderID":-1,"sortDirection":0,"widthPercent":0},{"colField":"data_source","colID":23,"orderID":-1,"sortDirection":0,"widthPercent":0},{"colField":"Description","colID":24,"orderID":-1,"sortDirection":0,"widthPercent":0},{"colField":"displayUnits","colID":25,"orderID":-1,"sortDirection":0,"widthPercent":0}],"search":[],"subVersionNumber":0,"tableHeight":-1,"tableWidth":-1,"versionNumber":0},"saveLoadPrefs":{"compressionType":0,"memoryLimitMb":100},"visualizationSettings":{"visualInstancesInfo":[]}}}